{
  "label_aps": {
    "car": {
      "0.5": 0.645509961315997,
      "1.0": 0.7912074284776097,
      "2.0": 0.8345643230987425,
      "4.0": 0.8531130113257408
    },
    "truck": {
      "0.5": 0.12041982910923671,
      "1.0": 0.2920245496998951,
      "2.0": 0.40343360680493423,
      "4.0": 0.4452408210060643
    },
    "bus": {
      "0.5": 0.11941808653636211,
      "1.0": 0.3432283963855079,
      "2.0": 0.47646595174655043,
      "4.0": 0.5192478573755468
    },
    "trailer": {
      "0.5": 0.0,
      "1.0": 0.10068681703674252,
      "2.0": 0.24358021899129828,
      "4.0": 0.38828695761201537
    },
    "construction_vehicle": {
      "0.5": 0.0,
      "1.0": 0.0007707256834599501,
      "2.0": 0.02391332809613387,
      "4.0": 0.03904821939863175
    },
    "pedestrian": {
      "0.5": 0.6816766565990284,
      "1.0": 0.6949429312050647,
      "2.0": 0.7113077733431881,
      "4.0": 0.7328005650531287
    },
    "motorcycle": {
      "0.5": 0.22273119936824415,
      "1.0": 0.28773304215149886,
      "2.0": 0.294517814101083,
      "4.0": 0.3012570539807436
    },
    "bicycle": {
      "0.5": 0.06952175960819518,
      "1.0": 0.08577104419506337,
      "2.0": 0.08869522204641743,
      "4.0": 0.0950923705150414
    },
    "traffic_cone": {
      "0.5": 0.23382498825704232,
      "1.0": 0.26091196451018195,
      "2.0": 0.2931134638629482,
      "4.0": 0.3466314235978961
    },
    "barrier": {
      "0.5": 0.22683178769124218,
      "1.0": 0.48430510541418625,
      "2.0": 0.5813069013373581,
      "4.0": 0.6148547248341728
    }
  },
  "mean_dist_aps": {
    "car": 0.7810986810545225,
    "truck": 0.3152797016550326,
    "bus": 0.3645900730109918,
    "trailer": 0.18313849841001406,
    "construction_vehicle": 0.01593306829455639,
    "pedestrian": 0.7051819815501026,
    "motorcycle": 0.2765597774003924,
    "bicycle": 0.08477009909117934,
    "traffic_cone": 0.28362046005701713,
    "barrier": 0.4768246298192399
  },
  "mean_ap": 0.3486996970343049,
  "label_tp_errors": {
    "car": {
      "trans_err": 0.22178016842015186,
      "scale_err": 0.1568559231922799,
      "orient_err": 0.1751385704792908,
      "vel_err": 0.2733134950127663,
      "attr_err": 0.194534854015712
    },
    "truck": {
      "trans_err": 0.5017218004302549,
      "scale_err": 0.22252150049615557,
      "orient_err": 0.2858381453096142,
      "vel_err": 0.29032544437591173,
      "attr_err": 0.22161784879928859
    },
    "bus": {
      "trans_err": 0.5270830277659018,
      "scale_err": 0.20564762780410836,
      "orient_err": 0.20357354581401496,
      "vel_err": 0.5751386540272564,
      "attr_err": 0.1923360926837759
    },
    "trailer": {
      "trans_err": 0.8180364981608338,
      "scale_err": 0.2483542138218524,
      "orient_err": 0.6823421343971084,
      "vel_err": 0.2555340870964951,
      "attr_err": 0.17342058933868576
    },
    "construction_vehicle": {
      "trans_err": 0.8645347985488955,
      "scale_err": 0.5300859076895856,
      "orient_err": 1.4599949695263905,
      "vel_err": 0.14417494718634516,
      "attr_err": 0.35047008480602726
    },
    "pedestrian": {
      "trans_err": 0.16432292038359442,
      "scale_err": 0.2800537544451451,
      "orient_err": 0.3587616552544679,
      "vel_err": 0.2536222440424081,
      "attr_err": 0.06644784061096949
    },
    "motorcycle": {
      "trans_err": 0.27517786997180566,
      "scale_err": 0.25971168539373096,
      "orient_err": 0.5504727297966959,
      "vel_err": 0.6341410972110828,
      "attr_err": 0.1981438450509464
    },
    "bicycle": {
      "trans_err": 0.29516246933064594,
      "scale_err": 0.2913083607946611,
      "orient_err": 0.8383766471733628,
      "vel_err": 0.2904166221792953,
      "attr_err": 0.026427259518057102
    },
    "traffic_cone": {
      "trans_err": 0.26476236106651957,
      "scale_err": 0.3525976520766559,
      "orient_err": NaN,
      "vel_err": NaN,
      "attr_err": NaN
    },
    "barrier": {
      "trans_err": 0.4689859385717257,
      "scale_err": 0.2930600852622506,
      "orient_err": 0.05743302386712726,
      "vel_err": NaN,
      "attr_err": NaN
    }
  },
  "tp_errors": {
    "trans_err": 0.4401567852650329,
    "scale_err": 0.2840196710976426,
    "orient_err": 0.5124368246242303,
    "vel_err": 0.33958332389144513,
    "attr_err": 0.1779248018529328
  },
  "tp_scores": {
    "trans_err": 0.5598432147349671,
    "scale_err": 0.7159803289023574,
    "orient_err": 0.48756317537576965,
    "vel_err": 0.6604166761085548,
    "attr_err": 0.8220751981470672
  },
  "nd_score": 0.498937707844024,
  "eval_time": 195.47464537620544,
  "cfg": {
    "class_range": {
      "car": 50,
      "truck": 50,
      "bus": 50,
      "trailer": 50,
      "construction_vehicle": 50,
      "pedestrian": 40,
      "motorcycle": 40,
      "bicycle": 40,
      "traffic_cone": 30,
      "barrier": 30
    },
    "dist_fcn": "center_distance",
    "dist_ths": [
      0.5,
      1.0,
      2.0,
      4.0
    ],
    "dist_th_tp": 2.0,
    "min_recall": 0.1,
    "min_precision": 0.1,
    "max_boxes_per_sample": 500,
    "mean_ap_weight": 5
  },
  "meta": {
    "use_lidar": true,
    "use_camera": false,
    "use_radar": false,
    "use_map": false,
    "use_external": false
  }
}