{
  "label_aps": {
    "car": {
      "0.5": 0.7341138902723646,
      "1.0": 0.8228845808028067,
      "2.0": 0.8547414738323745,
      "4.0": 0.8670297267971006
    },
    "truck": {
      "0.5": 0.341568993036235,
      "1.0": 0.5019366988034952,
      "2.0": 0.579848803896764,
      "4.0": 0.613588898957432
    },
    "bus": {
      "0.5": 0.44635335175330665,
      "1.0": 0.6607623766039191,
      "2.0": 0.7707696599367703,
      "4.0": 0.7919812522669637
    },
    "trailer": {
      "0.5": 0.0784908151884945,
      "1.0": 0.2565978564407469,
      "2.0": 0.40448632472997337,
      "4.0": 0.4820389316512649
    },
    "construction_vehicle": {
      "0.5": 0.011871888503697008,
      "1.0": 0.0838495369364093,
      "2.0": 0.18196353761815365,
      "4.0": 0.2765455065859134
    },
    "pedestrian": {
      "0.5": 0.807248299817674,
      "1.0": 0.8246182444027,
      "2.0": 0.8385912111191474,
      "4.0": 0.8516038658825281
    },
    "motorcycle": {
      "0.5": 0.4975376921310442,
      "1.0": 0.5529443637040431,
      "2.0": 0.563245267376091,
      "4.0": 0.567387754613114
    },
    "bicycle": {
      "0.5": 0.3064189485737278,
      "1.0": 0.3161515999639835,
      "2.0": 0.3170584527174348,
      "4.0": 0.3189702431420073
    },
    "traffic_cone": {
      "0.5": 0.5888290018138533,
      "1.0": 0.6005714262031594,
      "2.0": 0.6181032556896365,
      "4.0": 0.6578011170770929
    },
    "barrier": {
      "0.5": 0.2785591243234253,
      "1.0": 0.3242819457538717,
      "2.0": 0.3453421424980008,
      "4.0": 0.3667888989210269
    }
  },
  "mean_dist_aps": {
    "car": 0.8196924179261615,
    "truck": 0.5092358486734816,
    "bus": 0.6674666601402399,
    "trailer": 0.3054034820026199,
    "construction_vehicle": 0.13855761741104333,
    "pedestrian": 0.8305154053055124,
    "motorcycle": 0.5452787694560731,
    "bicycle": 0.31464981109928836,
    "traffic_cone": 0.6163262001959355,
    "barrier": 0.32874302787408116
  },
  "mean_ap": 0.5075869240084436,
  "label_tp_errors": {
    "car": {
      "trans_err": 0.17757303726522936,
      "scale_err": 0.156024221785239,
      "orient_err": 0.1110614095366151,
      "vel_err": 0.2723534146999179,
      "attr_err": 0.19375314203088784
    },
    "truck": {
      "trans_err": 0.32336132519444305,
      "scale_err": 0.17839844396114196,
      "orient_err": 0.10258087217454115,
      "vel_err": 0.26110699464108655,
      "attr_err": 0.2438050518964998
    },
    "bus": {
      "trans_err": 0.3174501765705757,
      "scale_err": 0.1793661964041914,
      "orient_err": 0.05207530404797931,
      "vel_err": 0.4374200347427139,
      "attr_err": 0.2763088260859932
    },
    "trailer": {
      "trans_err": 0.5436912709555011,
      "scale_err": 0.21314242046885992,
      "orient_err": 0.4905945127294857,
      "vel_err": 0.1936343527084967,
      "attr_err": 0.13883151063838428
    },
    "construction_vehicle": {
      "trans_err": 0.7147276002358208,
      "scale_err": 0.4236598765176543,
      "orient_err": 0.9169052142334492,
      "vel_err": 0.12568992516217092,
      "attr_err": 0.35353717125787154
    },
    "pedestrian": {
      "trans_err": 0.14282584486426306,
      "scale_err": 0.2795325018232621,
      "orient_err": 0.3745687620426829,
      "vel_err": 0.21821736885472778,
      "attr_err": 0.08197336260924865
    },
    "motorcycle": {
      "trans_err": 0.1845780596572389,
      "scale_err": 0.23737167345020593,
      "orient_err": 0.2598609328589727,
      "vel_err": 0.4390993291601749,
      "attr_err": 0.26661967530209846
    },
    "bicycle": {
      "trans_err": 0.15506519528647944,
      "scale_err": 0.26625528600647513,
      "orient_err": 0.39722241895905686,
      "vel_err": 0.194927662883762,
      "attr_err": 0.01756591133461677
    },
    "traffic_cone": {
      "trans_err": 0.13593768993848995,
      "scale_err": 0.33192366563005266,
      "orient_err": NaN,
      "vel_err": NaN,
      "attr_err": NaN
    },
    "barrier": {
      "trans_err": 0.21726145060280702,
      "scale_err": 0.2705765928929193,
      "orient_err": 0.0882053001008665,
      "vel_err": NaN,
      "attr_err": NaN
    }
  },
  "tp_errors": {
    "trans_err": 0.2912471650570848,
    "scale_err": 0.2536250878940002,
    "orient_err": 0.3103416362981833,
    "vel_err": 0.26780613535663134,
    "attr_err": 0.19654933139445008
  },
  "tp_scores": {
    "trans_err": 0.7087528349429152,
    "scale_err": 0.7463749121059998,
    "orient_err": 0.6896583637018168,
    "vel_err": 0.7321938646433687,
    "attr_err": 0.8034506686055499
  },
  "nd_score": 0.6218365264041869,
  "eval_time": 118.27297306060791,
  "cfg": {
    "class_range": {
      "car": 50,
      "truck": 50,
      "bus": 50,
      "trailer": 50,
      "construction_vehicle": 50,
      "pedestrian": 40,
      "motorcycle": 40,
      "bicycle": 40,
      "traffic_cone": 30,
      "barrier": 30
    },
    "dist_fcn": "center_distance",
    "dist_ths": [
      0.5,
      1.0,
      2.0,
      4.0
    ],
    "dist_th_tp": 2.0,
    "min_recall": 0.1,
    "min_precision": 0.1,
    "max_boxes_per_sample": 500,
    "mean_ap_weight": 5
  },
  "meta": {
    "use_lidar": true,
    "use_camera": false,
    "use_radar": false,
    "use_map": false,
    "use_external": false
  }
}