{
  "label_aps": {
    "car": {
      "0.5": 0.7300967408974594,
      "1.0": 0.8290124199862828,
      "2.0": 0.8611647928234702,
      "4.0": 0.8731023537878139
    },
    "truck": {
      "0.5": 0.3515259618141011,
      "1.0": 0.5067133993525165,
      "2.0": 0.590885126881244,
      "4.0": 0.6232819202564382
    },
    "bus": {
      "0.5": 0.4385986262613594,
      "1.0": 0.6599647215919288,
      "2.0": 0.7819571710422619,
      "4.0": 0.8055286416512922
    },
    "trailer": {
      "0.5": 0.08649725543278891,
      "1.0": 0.27340513749619677,
      "2.0": 0.42835218828926624,
      "4.0": 0.5051824134580077
    },
    "construction_vehicle": {
      "0.5": 0.024724128532591035,
      "1.0": 0.11711122371563837,
      "2.0": 0.2240455845525278,
      "4.0": 0.3148366929995551
    },
    "pedestrian": {
      "0.5": 0.7853006390575126,
      "1.0": 0.8120071066220893,
      "2.0": 0.8295941909561914,
      "4.0": 0.8440123638488621
    },
    "motorcycle": {
      "0.5": 0.45969314464580724,
      "1.0": 0.5259249867891607,
      "2.0": 0.532856169367046,
      "4.0": 0.5380942872380216
    },
    "bicycle": {
      "0.5": 0.3050110686186412,
      "1.0": 0.31131028405215855,
      "2.0": 0.3122798046077144,
      "4.0": 0.31396192436252296
    },
    "traffic_cone": {
      "0.5": 0.5734377335022558,
      "1.0": 0.5920465204562242,
      "2.0": 0.611498277226864,
      "4.0": 0.6532237371382696
    },
    "barrier": {
      "0.5": 0.3168973109991439,
      "1.0": 0.3905291139737583,
      "2.0": 0.4106563289463745,
      "4.0": 0.4318862975679533
    }
  },
  "mean_dist_aps": {
    "car": 0.8233440768737567,
    "truck": 0.5181016020760749,
    "bus": 0.6715122901367105,
    "trailer": 0.32335924866906496,
    "construction_vehicle": 0.17017940745007806,
    "pedestrian": 0.8177285751211638,
    "motorcycle": 0.5141421470100088,
    "bicycle": 0.3106407704102593,
    "traffic_cone": 0.6075515670809034,
    "barrier": 0.3874922628718075
  },
  "mean_ap": 0.5144051947699828,
  "label_tp_errors": {
    "car": {
      "trans_err": 0.18395263309923665,
      "scale_err": 0.15438241071219533,
      "orient_err": 0.11730831817922124,
      "vel_err": 0.29804211647607015,
      "attr_err": 0.19075325069299512
    },
    "truck": {
      "trans_err": 0.31782829741892793,
      "scale_err": 0.17983061232301786,
      "orient_err": 0.10448052324964895,
      "vel_err": 0.26417850827895123,
      "attr_err": 0.24362920346353834
    },
    "bus": {
      "trans_err": 0.3459618647952504,
      "scale_err": 0.1826085211247694,
      "orient_err": 0.0480121379759571,
      "vel_err": 0.4712297825448712,
      "attr_err": 0.2645440309190119
    },
    "trailer": {
      "trans_err": 0.5438978638151202,
      "scale_err": 0.20996214482038897,
      "orient_err": 0.40248836821543477,
      "vel_err": 0.2023531143398531,
      "attr_err": 0.12239387878212252
    },
    "construction_vehicle": {
      "trans_err": 0.6496465567949301,
      "scale_err": 0.4376185346949591,
      "orient_err": 1.0417834515406954,
      "vel_err": 0.11969975639940313,
      "attr_err": 0.33491614243417583
    },
    "pedestrian": {
      "trans_err": 0.16705634520759288,
      "scale_err": 0.2830204826653494,
      "orient_err": 0.4058456557122871,
      "vel_err": 0.23174591300821093,
      "attr_err": 0.08805736697963626
    },
    "motorcycle": {
      "trans_err": 0.1956023701150359,
      "scale_err": 0.23918156891456002,
      "orient_err": 0.2632815172257055,
      "vel_err": 0.5110218247357259,
      "attr_err": 0.27589707421399373
    },
    "bicycle": {
      "trans_err": 0.16068265010145474,
      "scale_err": 0.2665348426794754,
      "orient_err": 0.39115464465250294,
      "vel_err": 0.21231068499438882,
      "attr_err": 0.02282429576295409
    },
    "traffic_cone": {
      "trans_err": 0.15579674932789184,
      "scale_err": 0.33155480690981737,
      "orient_err": NaN,
      "vel_err": NaN,
      "attr_err": NaN
    },
    "barrier": {
      "trans_err": 0.2585865818290354,
      "scale_err": 0.2606053736662505,
      "orient_err": 0.07879991069602306,
      "vel_err": NaN,
      "attr_err": NaN
    }
  },
  "tp_errors": {
    "trans_err": 0.29790119125044756,
    "scale_err": 0.2545299298510783,
    "orient_err": 0.3170171697163862,
    "vel_err": 0.2888227125971843,
    "attr_err": 0.19287690540605346
  },
  "tp_scores": {
    "trans_err": 0.7020988087495524,
    "scale_err": 0.7454700701489216,
    "orient_err": 0.6829828302836138,
    "vel_err": 0.7111772874028157,
    "attr_err": 0.8071230945939465
  },
  "nd_score": 0.6220878065028763,
  "eval_time": 117.88704109191895,
  "cfg": {
    "class_range": {
      "car": 50,
      "truck": 50,
      "bus": 50,
      "trailer": 50,
      "construction_vehicle": 50,
      "pedestrian": 40,
      "motorcycle": 40,
      "bicycle": 40,
      "traffic_cone": 30,
      "barrier": 30
    },
    "dist_fcn": "center_distance",
    "dist_ths": [
      0.5,
      1.0,
      2.0,
      4.0
    ],
    "dist_th_tp": 2.0,
    "min_recall": 0.1,
    "min_precision": 0.1,
    "max_boxes_per_sample": 500,
    "mean_ap_weight": 5
  },
  "meta": {
    "use_lidar": true,
    "use_camera": false,
    "use_radar": false,
    "use_map": false,
    "use_external": false
  }
}