{
  "label_aps": {
    "car": {
      "0.5": 0.7009109193134048,
      "1.0": 0.799483761036448,
      "2.0": 0.8327116082334491,
      "4.0": 0.8514046610414407
    },
    "truck": {
      "0.5": 0.2923756902745621,
      "1.0": 0.4423668563136592,
      "2.0": 0.5335680907866832,
      "4.0": 0.5628079445424541
    },
    "bus": {
      "0.5": 0.3942533253025083,
      "1.0": 0.5900162766905704,
      "2.0": 0.7070420857439976,
      "4.0": 0.7361753833221394
    },
    "trailer": {
      "0.5": 0.08069735041081597,
      "1.0": 0.2279902988514363,
      "2.0": 0.3723635487429493,
      "4.0": 0.45872913003463794
    },
    "construction_vehicle": {
      "0.5": 0.01895950663160661,
      "1.0": 0.07815973112659313,
      "2.0": 0.16463743807685594,
      "4.0": 0.23308659127016662
    },
    "pedestrian": {
      "0.5": 0.7031398546663514,
      "1.0": 0.7238153966002552,
      "2.0": 0.7411605741103702,
      "4.0": 0.7607479886724277
    },
    "motorcycle": {
      "0.5": 0.31055671892701736,
      "1.0": 0.36825354187570813,
      "2.0": 0.3743252579171301,
      "4.0": 0.38112632534503854
    },
    "bicycle": {
      "0.5": 0.08999126275334504,
      "1.0": 0.09303924189742759,
      "2.0": 0.09327541166709477,
      "4.0": 0.09803133590666353
    },
    "traffic_cone": {
      "0.5": 0.32269140033430466,
      "1.0": 0.336828511402182,
      "2.0": 0.36011711284087927,
      "4.0": 0.4206098122512466
    },
    "barrier": {
      "0.5": 0.04819576107030274,
      "1.0": 0.07858330256724588,
      "2.0": 0.09463544859122855,
      "4.0": 0.11378435763432661
    }
  },
  "mean_dist_aps": {
    "car": 0.7961277374061857,
    "truck": 0.45777964547933964,
    "bus": 0.6068717677648039,
    "trailer": 0.2849450820099599,
    "construction_vehicle": 0.12371081677630558,
    "pedestrian": 0.7322159535123511,
    "motorcycle": 0.35856546101622355,
    "bicycle": 0.09358431305613273,
    "traffic_cone": 0.3600617092071532,
    "barrier": 0.08379971746577594
  },
  "mean_ap": 0.3897662203694231,
  "label_tp_errors": {
    "car": {
      "trans_err": 0.18963774196667385,
      "scale_err": 0.15722372727037776,
      "orient_err": 0.18036229746945842,
      "vel_err": 0.35927405105921195,
      "attr_err": 0.2187595741134441
    },
    "truck": {
      "trans_err": 0.3468801900228074,
      "scale_err": 0.19274759989948503,
      "orient_err": 0.14619131211549444,
      "vel_err": 0.30751274472323126,
      "attr_err": 0.2647503435055443
    },
    "bus": {
      "trans_err": 0.3397861123086894,
      "scale_err": 0.1838266921845517,
      "orient_err": 0.08026959469987745,
      "vel_err": 0.7325651462448813,
      "attr_err": 0.3417071792481924
    },
    "trailer": {
      "trans_err": 0.555110499397271,
      "scale_err": 0.21038942796665977,
      "orient_err": 0.4034053472734585,
      "vel_err": 0.27588585120146963,
      "attr_err": 0.15345600024506634
    },
    "construction_vehicle": {
      "trans_err": 0.6720474798303973,
      "scale_err": 0.4230546484981952,
      "orient_err": 1.043252983586995,
      "vel_err": 0.11655251365269355,
      "attr_err": 0.31803874823141404
    },
    "pedestrian": {
      "trans_err": 0.1662527402166742,
      "scale_err": 0.273230858942276,
      "orient_err": 0.35355284779197294,
      "vel_err": 0.2430210948967287,
      "attr_err": 0.07028469296640391
    },
    "motorcycle": {
      "trans_err": 0.22001342493479,
      "scale_err": 0.23932571312596487,
      "orient_err": 0.42162405260499225,
      "vel_err": 0.8558359872296619,
      "attr_err": 0.1673095043496724
    },
    "bicycle": {
      "trans_err": 0.20240244859269438,
      "scale_err": 0.2837237578582331,
      "orient_err": 0.5499336653843339,
      "vel_err": 0.24254035524893747,
      "attr_err": 0.035390441413101756
    },
    "traffic_cone": {
      "trans_err": 0.20629186132975508,
      "scale_err": 0.36760763375150474,
      "orient_err": NaN,
      "vel_err": NaN,
      "attr_err": NaN
    },
    "barrier": {
      "trans_err": 0.34150110607794126,
      "scale_err": 0.31579528122547806,
      "orient_err": 0.14502337156571818,
      "vel_err": NaN,
      "attr_err": NaN
    }
  },
  "tp_errors": {
    "trans_err": 0.32399236046776936,
    "scale_err": 0.2646925340722726,
    "orient_err": 0.3692906080547001,
    "vel_err": 0.39164846803210196,
    "attr_err": 0.1962120605091049
  },
  "tp_scores": {
    "trans_err": 0.6760076395322306,
    "scale_err": 0.7353074659277274,
    "orient_err": 0.6307093919453,
    "vel_err": 0.608351531967898,
    "attr_err": 0.8037879394908951
  },
  "nd_score": 0.5402995070711166,
  "eval_time": 124.58499813079834,
  "cfg": {
    "class_range": {
      "car": 50,
      "truck": 50,
      "bus": 50,
      "trailer": 50,
      "construction_vehicle": 50,
      "pedestrian": 40,
      "motorcycle": 40,
      "bicycle": 40,
      "traffic_cone": 30,
      "barrier": 30
    },
    "dist_fcn": "center_distance",
    "dist_ths": [
      0.5,
      1.0,
      2.0,
      4.0
    ],
    "dist_th_tp": 2.0,
    "min_recall": 0.1,
    "min_precision": 0.1,
    "max_boxes_per_sample": 500,
    "mean_ap_weight": 5
  },
  "meta": {
    "use_lidar": true,
    "use_camera": false,
    "use_radar": false,
    "use_map": false,
    "use_external": false
  }
}