{
  "label_aps": {
    "car": {
      "0.3": 0.0,
      "0.5": 0.0,
      "0.7": 0.1640987377028577,
      "0.9": 0.94072819935693
    },
    "truck": {
      "0.3": 0.07418065694652148,
      "0.5": 0.2929365729021763,
      "0.7": 0.5066851205035777,
      "0.9": 0.7325096748287485
    },
    "bus": {
      "0.3": 0.0,
      "0.5": 0.0,
      "0.7": 0.037457063289492706,
      "0.9": 0.47487098369256603
    },
    "trailer": {
      "0.3": 0.0,
      "0.5": 0.030302904603324302,
      "0.7": 0.2880207175426412,
      "0.9": 0.6212892035821481
    },
    "construction_vehicle": {
      "0.3": 0.017165811354537805,
      "0.5": 0.13974886823657265,
      "0.7": 0.2222491050647582,
      "0.9": 0.2345546151880585
    },
    "pedestrian": {
      "0.3": 0.0,
      "0.5": 0.06802686048888008,
      "0.7": 0.5652069476681518,
      "0.9": 0.869931448809418
    },
    "motorcycle": {
      "0.3": 0.0,
      "0.5": 0.0,
      "0.7": 0.08775189247721349,
      "0.9": 0.4207663355603831
    },
    "bicycle": {
      "0.3": 0.0,
      "0.5": 0.0005835576504786082,
      "0.7": 0.06597697021123052,
      "0.9": 0.22402658324944993
    },
    "traffic_cone": {
      "0.3": 0.0006347383616823655,
      "0.5": 0.1405841054013831,
      "0.7": 0.49777124980430554,
      "0.9": 0.6352272565123178
    },
    "barrier": {
      "0.3": 0.0,
      "0.5": 0.06014653290122796,
      "0.7": 0.43166089187751255,
      "0.9": 0.7535034761626289
    }
  },
  "mean_dist_aps": {
    "car": 0.2762067342649469,
    "truck": 0.401578006295256,
    "bus": 0.12808201174551467,
    "trailer": 0.2349032064320284,
    "construction_vehicle": 0.1534295999609818,
    "pedestrian": 0.3757913142416125,
    "motorcycle": 0.12712955700939915,
    "bicycle": 0.07264677777778977,
    "traffic_cone": 0.31855433751992224,
    "barrier": 0.31132772523534236
  },
  "mean_ap": 0.23996492704827938,
  "cfg": {
    "class_range": {
      "car": 50,
      "truck": 50,
      "bus": 50,
      "trailer": 50,
      "construction_vehicle": 50,
      "pedestrian": 40,
      "motorcycle": 40,
      "bicycle": 40,
      "traffic_cone": 30,
      "barrier": 30
    },
    "dist_fcn": "iou3d",
    "dist_ths": [
      0.3,
      0.5,
      0.7,
      0.9
    ],
    "dist_th_tp": 0.5,
    "min_recall": 0.1,
    "min_precision": 0.1,
    "max_boxes_per_sample": 500,
    "mean_ap_weight": 5
  },
  "meta": {
    "use_lidar": true,
    "use_camera": false,
    "use_radar": false,
    "use_map": false,
    "use_external": false
  }
}