{
  "label_aps": {
    "car": {
      "0.5": 0.5547179630835853,
      "1.0": 0.7182365419691794,
      "2.0": 0.7608648879541413,
      "4.0": 0.785549857995394
    },
    "truck": {
      "0.5": 0.09087774318094714,
      "1.0": 0.23913290697985712,
      "2.0": 0.3192896499082945,
      "4.0": 0.3517085231292473
    },
    "bus": {
      "0.5": 0.09476548335325315,
      "1.0": 0.34198205476485455,
      "2.0": 0.45226510470503367,
      "4.0": 0.4865693473353475
    },
    "trailer": {
      "0.5": 0.00017836739865596018,
      "1.0": 0.06206264604086036,
      "2.0": 0.2350854687524627,
      "4.0": 0.36898194600990974
    },
    "construction_vehicle": {
      "0.5": 0.0,
      "1.0": 0.0178564798128776,
      "2.0": 0.06499407104954075,
      "4.0": 0.09858250730627725
    },
    "pedestrian": {
      "0.5": 0.4969181014979314,
      "1.0": 0.5920809065768112,
      "2.0": 0.6374784733318997,
      "4.0": 0.6686315738951077
    },
    "motorcycle": {
      "0.5": 0.12288787032161619,
      "1.0": 0.20862714130376656,
      "2.0": 0.22837526896178245,
      "4.0": 0.24103259792158843
    },
    "bicycle": {
      "0.5": 0.004240146476910212,
      "1.0": 0.013066490857211495,
      "2.0": 0.02097476210734918,
      "4.0": 0.024260924886175143
    },
    "traffic_cone": {
      "0.5": 0.17487775853787896,
      "1.0": 0.26830441160815827,
      "2.0": 0.3289319047441498,
      "4.0": 0.4100116644279583
    },
    "barrier": {
      "0.5": 0.08206188413102324,
      "1.0": 0.3232487365211303,
      "2.0": 0.4313167726995375,
      "4.0": 0.490907854522131
    }
  },
  "mean_dist_aps": {
    "car": 0.7048423127505751,
    "truck": 0.2502522057995865,
    "bus": 0.34389549753962223,
    "trailer": 0.16657710705047218,
    "construction_vehicle": 0.0453582645421739,
    "pedestrian": 0.5987772638254375,
    "motorcycle": 0.2002307196271884,
    "bicycle": 0.015635581081911508,
    "traffic_cone": 0.2955314348295363,
    "barrier": 0.3318838119684555
  },
  "mean_ap": 0.2952984199014959,
  "label_tp_errors": {
    "car": {
      "trans_err": 0.2726207581113189,
      "scale_err": 0.16777218549219128,
      "orient_err": 0.19297464295270703,
      "vel_err": 0.26939678773873704,
      "attr_err": 0.46431029633938486
    },
    "truck": {
      "trans_err": 0.5368924945835227,
      "scale_err": 0.2362709481386992,
      "orient_err": 0.14400918537992438,
      "vel_err": 0.21177349582125457,
      "attr_err": 0.40629898255907043
    },
    "bus": {
      "trans_err": 0.5471711739841743,
      "scale_err": 0.20755635597224498,
      "orient_err": 0.14114379477825786,
      "vel_err": 0.4507651018747647,
      "attr_err": 0.4698918599132844
    },
    "trailer": {
      "trans_err": 0.9325159894106078,
      "scale_err": 0.23063874021259778,
      "orient_err": 0.3804710507456435,
      "vel_err": 0.1897252425509817,
      "attr_err": 0.29404864142781056
    },
    "construction_vehicle": {
      "trans_err": 0.9535034871065724,
      "scale_err": 0.5052462659889704,
      "orient_err": 1.2637299268802826,
      "vel_err": 0.11049013519449419,
      "attr_err": 0.3650937818004569
    },
    "pedestrian": {
      "trans_err": 0.2819555476355798,
      "scale_err": 0.28265826685478335,
      "orient_err": 0.36470160448858363,
      "vel_err": 0.2563374122383542,
      "attr_err": 0.14886674485654441
    },
    "motorcycle": {
      "trans_err": 0.3841154289792438,
      "scale_err": 0.30388393782443585,
      "orient_err": 0.6385148114475928,
      "vel_err": 0.47684647031941674,
      "attr_err": 0.6026841114134474
    },
    "bicycle": {
      "trans_err": 0.4145960987816657,
      "scale_err": 0.2842260403518028,
      "orient_err": 0.9148993829115579,
      "vel_err": 0.32251849803145244,
      "attr_err": 0.4870502207750099
    },
    "traffic_cone": {
      "trans_err": 0.4543993514070676,
      "scale_err": 0.40727596003521793,
      "orient_err": NaN,
      "vel_err": NaN,
      "attr_err": NaN
    },
    "barrier": {
      "trans_err": 0.6860372913131633,
      "scale_err": 0.322610390506101,
      "orient_err": 0.10327387086232351,
      "vel_err": NaN,
      "attr_err": NaN
    }
  },
  "tp_errors": {
    "trans_err": 0.5463807621312916,
    "scale_err": 0.29481390913770444,
    "orient_err": 0.46041314116076365,
    "vel_err": 0.28598164297118195,
    "attr_err": 0.4047805798856261
  },
  "tp_scores": {
    "trans_err": 0.4536192378687084,
    "scale_err": 0.7051860908622956,
    "orient_err": 0.5395868588392363,
    "vel_err": 0.7140183570288181,
    "attr_err": 0.5952194201143739
  },
  "nd_score": 0.44841220642209123,
  "eval_time": 170.78226733207703,
  "cfg": {
    "class_range": {
      "car": 50,
      "truck": 50,
      "bus": 50,
      "trailer": 50,
      "construction_vehicle": 50,
      "pedestrian": 40,
      "motorcycle": 40,
      "bicycle": 40,
      "traffic_cone": 30,
      "barrier": 30
    },
    "dist_fcn": "center_distance",
    "dist_ths": [
      0.5,
      1.0,
      2.0,
      4.0
    ],
    "dist_th_tp": 2.0,
    "min_recall": 0.1,
    "min_precision": 0.1,
    "max_boxes_per_sample": 500,
    "mean_ap_weight": 5
  },
  "meta": {
    "use_camera": false,
    "use_lidar": true,
    "use_radar": false,
    "use_map": false,
    "use_external": false
  }
}